pair,abbrev,title,cluster,qid,block,primary_drift,x_value,y_value,diff
A1_vs_B,aobf,Autobiography of Benjamin Franklin,G2,Q01,1,D3,0.0,14.1844,-14.1844
A1_vs_B,aobf,Autobiography of Benjamin Franklin,G2,Q02,1,D3,8.1967,7.6336,0.5631
A1_vs_B,aobf,Autobiography of Benjamin Franklin,G2,Q03,1,D3,3.3113,14.1844,-10.8731
A1_vs_B,aobf,Autobiography of Benjamin Franklin,G2,Q04,2,D1,2.4691,6.3291,-3.86
A1_vs_B,aobf,Autobiography of Benjamin Franklin,G2,Q05,2,D1,8.7719,6.8027,1.9692
A1_vs_B,aobf,Autobiography of Benjamin Franklin,G2,Q06,3,D2,10.4348,12.2699,-1.8352
A1_vs_B,aobf,Autobiography of Benjamin Franklin,G2,Q07,3,D2,4.1322,0.0,4.1322
A1_vs_B,aobf,Autobiography of Benjamin Franklin,G2,Q08,3,D2,0.0,5.9172,-5.9172
A1_vs_B,aobf,Autobiography of Benjamin Franklin,G2,Q09,4,D3,0.0,5.1282,-5.1282
A1_vs_B,aobf,Autobiography of Benjamin Franklin,G2,Q10,4,D3,0.0,9.009,-9.009
A1_vs_B,aobf,Autobiography of Benjamin Franklin,G2,Q11,5,D1,2.9806,15.7068,-12.7262
A1_vs_B,aobf,Autobiography of Benjamin Franklin,G2,Q12,5,D4,9.2593,6.993,2.2663
A1_vs_B,aobf,Autobiography of Benjamin Franklin,G2,Q13,5,D4,10.4167,0.0,10.4167
A1_vs_B,aobf,Autobiography of Benjamin Franklin,G2,Q14,5,D3,0.0,0.0,0.0
A1_vs_B,aobf,Autobiography of Benjamin Franklin,G2,Q15,5,D3,12.766,16.3043,-3.5384
A1_vs_B,aow,Art of War,G3,Q01,1,D3,0.0,0.0,0.0
A1_vs_B,aow,Art of War,G3,Q02,1,D3,0.0,0.0,0.0
A1_vs_B,aow,Art of War,G3,Q03,1,D3,3.2573,5.988,-2.7307
A1_vs_B,aow,Art of War,G3,Q04,2,D1,9.1241,0.0,9.1241
A1_vs_B,aow,Art of War,G3,Q05,2,D1,2.1322,6.5789,-4.4468
A1_vs_B,aow,Art of War,G3,Q06,3,D2,5.6926,0.0,5.6926
A1_vs_B,aow,Art of War,G3,Q07,3,D2,1.8797,0.0,1.8797
A1_vs_B,aow,Art of War,G3,Q08,3,D2,5.5453,0.0,5.5453
A1_vs_B,aow,Art of War,G3,Q09,4,D3,0.0,0.0,0.0
A1_vs_B,aow,Art of War,G3,Q10,4,D3,3.643,9.3897,-5.7467
A1_vs_B,aow,Art of War,G3,Q11,5,D1,5.168,3.876,1.292
A1_vs_B,aow,Art of War,G3,Q12,5,D4,2.681,6.6667,-3.9857
A1_vs_B,aow,Art of War,G3,Q13,5,D4,9.3897,0.0,9.3897
A1_vs_B,aow,Art of War,G3,Q14,5,D3,5.4496,5.1813,0.2682
A1_vs_B,aow,Art of War,G3,Q15,5,D3,8.4746,5.1813,3.2932
A1_vs_B,coa,The Confessions of St. Augustine,G1,Q01,1,D3,4.7619,15.1515,-10.3896
A1_vs_B,coa,The Confessions of St. Augustine,G1,Q02,1,D3,2.7473,0.0,2.7473
A1_vs_B,coa,The Confessions of St. Augustine,G1,Q03,1,D3,6.9444,13.8889,-6.9444
A1_vs_B,coa,The Confessions of St. Augustine,G1,Q04,2,D1,6.3025,6.7568,-0.4542
A1_vs_B,coa,The Confessions of St. Augustine,G1,Q05,2,D1,5.2724,5.4645,-0.1921
A1_vs_B,coa,The Confessions of St. Augustine,G1,Q06,3,D2,7.3421,6.6667,0.6755
A1_vs_B,coa,The Confessions of St. Augustine,G1,Q07,3,D2,4.7544,6.4103,-1.6559
A1_vs_B,coa,The Confessions of St. Augustine,G1,Q08,3,D2,8.8183,7.4627,1.3557
A1_vs_B,coa,The Confessions of St. Augustine,G1,Q09,4,D3,1.4535,5.814,-4.3605
A1_vs_B,coa,The Confessions of St. Augustine,G1,Q10,4,D3,10.9489,5.2356,5.7133
A1_vs_B,coa,The Confessions of St. Augustine,G1,Q11,5,D1,2.7285,11.9048,-9.1762
A1_vs_B,coa,The Confessions of St. Augustine,G1,Q12,5,D4,0.0,0.0,0.0
A1_vs_B,coa,The Confessions of St. Augustine,G1,Q13,5,D4,4.4053,12.4224,-8.0171
A1_vs_B,coa,The Confessions of St. Augustine,G1,Q14,5,D3,2.0492,0.0,2.0492
A1_vs_B,coa,The Confessions of St. Augustine,G1,Q15,5,D3,7.1942,10.8108,-3.6166
A1_vs_B,jsm,Autobiography of John Stuart Mill,G1,Q01,1,D3,4.7733,7.1942,-2.421
A1_vs_B,jsm,Autobiography of John Stuart Mill,G1,Q02,1,D3,4.5662,0.0,4.5662
A1_vs_B,jsm,Autobiography of John Stuart Mill,G1,Q03,1,D3,5.6022,0.0,5.6022
A1_vs_B,jsm,Autobiography of John Stuart Mill,G1,Q04,2,D1,10.5263,6.7568,3.7696
A1_vs_B,jsm,Autobiography of John Stuart Mill,G1,Q05,2,D1,10.582,7.0922,3.4898
A1_vs_B,jsm,Autobiography of John Stuart Mill,G1,Q06,3,D2,11.6959,0.0,11.6959
A1_vs_B,jsm,Autobiography of John Stuart Mill,G1,Q07,3,D2,0.0,8.547,-8.547
A1_vs_B,jsm,Autobiography of John Stuart Mill,G1,Q08,3,D2,4.8077,15.3846,-10.5769
A1_vs_B,jsm,Autobiography of John Stuart Mill,G1,Q09,4,D3,3.3113,0.0,3.3113
A1_vs_B,jsm,Autobiography of John Stuart Mill,G1,Q10,4,D3,9.1575,13.4228,-4.2653
A1_vs_B,jsm,Autobiography of John Stuart Mill,G1,Q11,5,D1,8.2508,6.4516,1.7992
A1_vs_B,jsm,Autobiography of John Stuart Mill,G1,Q12,5,D4,11.4943,16.9492,-5.4549
A1_vs_B,jsm,Autobiography of John Stuart Mill,G1,Q13,5,D4,10.142,7.5758,2.5662
A1_vs_B,jsm,Autobiography of John Stuart Mill,G1,Q14,5,D3,0.0,0.0,0.0
A1_vs_B,jsm,Autobiography of John Stuart Mill,G1,Q15,5,D3,14.6819,6.6225,8.0594
A1_vs_B,lofd,Narrative of the Life of Frederick Douglass,G2,Q01,1,D3,2.849,6.5359,-3.6869
A1_vs_B,lofd,Narrative of the Life of Frederick Douglass,G2,Q02,1,D3,0.0,0.0,0.0
A1_vs_B,lofd,Narrative of the Life of Frederick Douglass,G2,Q03,1,D3,0.0,0.0,0.0
A1_vs_B,lofd,Narrative of the Life of Frederick Douglass,G2,Q04,2,D1,19.1083,18.9873,0.1209
A1_vs_B,lofd,Narrative of the Life of Frederick Douglass,G2,Q05,2,D1,9.2251,0.0,9.2251
A1_vs_B,lofd,Narrative of the Life of Frederick Douglass,G2,Q06,3,D2,13.7615,5.848,7.9135
A1_vs_B,lofd,Narrative of the Life of Frederick Douglass,G2,Q07,3,D2,2.2472,6.7568,-4.5096
A1_vs_B,lofd,Narrative of the Life of Frederick Douglass,G2,Q08,3,D2,5.7582,11.5607,-5.8025
A1_vs_B,lofd,Narrative of the Life of Frederick Douglass,G2,Q09,4,D3,3.4843,0.0,3.4843
A1_vs_B,lofd,Narrative of the Life of Frederick Douglass,G2,Q10,4,D3,1.7889,0.0,1.7889
A1_vs_B,lofd,Narrative of the Life of Frederick Douglass,G2,Q11,5,D1,8.2372,5.5249,2.7124
A1_vs_B,lofd,Narrative of the Life of Frederick Douglass,G2,Q12,5,D4,0.0,6.8027,-6.8027
A1_vs_B,lofd,Narrative of the Life of Frederick Douglass,G2,Q13,5,D4,6.3425,0.0,6.3425
A1_vs_B,lofd,Narrative of the Life of Frederick Douglass,G2,Q14,5,D3,2.5707,5.814,-3.2433
A1_vs_B,lofd,Narrative of the Life of Frederick Douglass,G2,Q15,5,D3,13.3333,0.0,13.3333
A1_vs_B,med,Meditations,G1,Q01,1,D3,4.4346,7.6336,-3.199
A1_vs_B,med,Meditations,G1,Q02,1,D3,5.8824,0.0,5.8824
A1_vs_B,med,Meditations,G1,Q03,1,D3,0.0,7.2993,-7.2993
A1_vs_B,med,Meditations,G1,Q04,2,D1,10.7527,0.0,10.7527
A1_vs_B,med,Meditations,G1,Q05,2,D1,8.4567,13.245,-4.7884
A1_vs_B,med,Meditations,G1,Q06,3,D2,5.9172,13.986,-8.0689
A1_vs_B,med,Meditations,G1,Q07,3,D2,1.8762,11.6279,-9.7517
A1_vs_B,med,Meditations,G1,Q08,3,D2,8.1855,5.618,2.5676
A1_vs_B,med,Meditations,G1,Q09,4,D3,0.0,0.0,0.0
A1_vs_B,med,Meditations,G1,Q10,4,D3,1.6447,0.0,1.6447
A1_vs_B,med,Meditations,G1,Q11,5,D1,2.1622,18.2648,-16.1027
A1_vs_B,med,Meditations,G1,Q12,5,D4,0.0,5.848,-5.848
A1_vs_B,med,Meditations,G1,Q13,5,D4,18.6047,23.6686,-5.064
A1_vs_B,med,Meditations,G1,Q14,5,D3,0.0,10.3093,-10.3093
A1_vs_B,med,Meditations,G1,Q15,5,D3,18.3299,26.738,-8.408
A1_vs_B,nw,Nathan the Wise,G3,Q01,1,D3,2.2472,7.4627,-5.2155
A1_vs_B,nw,Nathan the Wise,G3,Q02,1,D3,0.0,7.8125,-7.8125
A1_vs_B,nw,Nathan the Wise,G3,Q03,1,D3,0.0,0.0,0.0
A1_vs_B,nw,Nathan the Wise,G3,Q04,2,D1,7.0922,0.0,7.0922
A1_vs_B,nw,Nathan the Wise,G3,Q05,2,D1,7.7821,0.0,7.7821
A1_vs_B,nw,Nathan the Wise,G3,Q06,3,D2,6.7568,0.0,6.7568
A1_vs_B,nw,Nathan the Wise,G3,Q07,3,D2,1.6949,0.0,1.6949
A1_vs_B,nw,Nathan the Wise,G3,Q08,3,D2,0.0,0.0,0.0
A1_vs_B,nw,Nathan the Wise,G3,Q09,4,D3,3.6101,0.0,3.6101
A1_vs_B,nw,Nathan the Wise,G3,Q10,4,D3,0.0,0.0,0.0
A1_vs_B,nw,Nathan the Wise,G3,Q11,5,D1,1.5949,6.6667,-5.0718
A1_vs_B,nw,Nathan the Wise,G3,Q12,5,D4,2.6882,6.4516,-3.7634
A1_vs_B,nw,Nathan the Wise,G3,Q13,5,D4,2.3753,0.0,2.3753
A1_vs_B,nw,Nathan the Wise,G3,Q14,5,D3,0.0,0.0,0.0
A1_vs_B,nw,Nathan the Wise,G3,Q15,5,D3,6.7416,0.0,6.7416
A1_vs_B,sbf,The Souls of Black Folk,G2,Q01,1,D3,2.0161,6.9444,-4.9283
A1_vs_B,sbf,The Souls of Black Folk,G2,Q02,1,D3,0.0,0.0,0.0
A1_vs_B,sbf,The Souls of Black Folk,G2,Q03,1,D3,1.938,0.0,1.938
A1_vs_B,sbf,The Souls of Black Folk,G2,Q04,2,D1,3.861,0.0,3.861
A1_vs_B,sbf,The Souls of Black Folk,G2,Q05,2,D1,1.634,0.0,1.634
A1_vs_B,sbf,The Souls of Black Folk,G2,Q06,3,D2,2.7586,5.4054,-2.6468
A1_vs_B,sbf,The Souls of Black Folk,G2,Q07,3,D2,0.0,0.0,0.0
A1_vs_B,sbf,The Souls of Black Folk,G2,Q08,3,D2,0.0,5.6818,-5.6818
A1_vs_B,sbf,The Souls of Black Folk,G2,Q09,4,D3,2.5063,5.7143,-3.208
A1_vs_B,sbf,The Souls of Black Folk,G2,Q10,4,D3,9.245,0.0,9.245
A1_vs_B,sbf,The Souls of Black Folk,G2,Q11,5,D1,7.2359,5.3763,1.8595
A1_vs_B,sbf,The Souls of Black Folk,G2,Q12,5,D4,6.7265,6.7114,0.015
A1_vs_B,sbf,The Souls of Black Folk,G2,Q13,5,D4,4.0733,6.135,-2.0616
A1_vs_B,sbf,The Souls of Black Folk,G2,Q14,5,D3,0.0,0.0,0.0
A1_vs_B,sbf,The Souls of Black Folk,G2,Q15,5,D3,3.3333,5.3763,-2.043
A1_vs_B,vre,The Varieties of Religious Experience,G1,Q01,1,D3,1.7825,0.0,1.7825
A1_vs_B,vre,The Varieties of Religious Experience,G1,Q02,1,D3,1.9305,0.0,1.9305
A1_vs_B,vre,The Varieties of Religious Experience,G1,Q03,1,D3,0.0,0.0,0.0
A1_vs_B,vre,The Varieties of Religious Experience,G1,Q04,2,D1,0.0,0.0,0.0
A1_vs_B,vre,The Varieties of Religious Experience,G1,Q05,2,D1,3.1104,0.0,3.1104
A1_vs_B,vre,The Varieties of Religious Experience,G1,Q06,3,D2,12.987,6.3291,6.6579
A1_vs_B,vre,The Varieties of Religious Experience,G1,Q07,3,D2,3.9841,5.2632,-1.2791
A1_vs_B,vre,The Varieties of Religious Experience,G1,Q08,3,D2,3.2733,5.814,-2.5406
A1_vs_B,vre,The Varieties of Religious Experience,G1,Q09,4,D3,4.7923,0.0,4.7923
A1_vs_B,vre,The Varieties of Religious Experience,G1,Q10,4,D3,4.7468,0.0,4.7468
A1_vs_B,vre,The Varieties of Religious Experience,G1,Q11,5,D1,6.6313,11.4286,-4.7973
A1_vs_B,vre,The Varieties of Religious Experience,G1,Q12,5,D4,7.9576,0.0,7.9576
A1_vs_B,vre,The Varieties of Religious Experience,G1,Q13,5,D4,7.5901,6.2112,1.379
A1_vs_B,vre,The Varieties of Religious Experience,G1,Q14,5,D3,2.5445,5.0,-2.4555
A1_vs_B,vre,The Varieties of Religious Experience,G1,Q15,5,D3,14.3443,9.8039,4.5403
A1_vs_B,wdocd,"Walden, and On the Duty of Civil Disobedience",G2,Q01,1,D3,0.0,0.0,0.0
A1_vs_B,wdocd,"Walden, and On the Duty of Civil Disobedience",G2,Q02,1,D3,0.0,0.0,0.0
A1_vs_B,wdocd,"Walden, and On the Duty of Civil Disobedience",G2,Q03,1,D3,1.9608,5.4348,-3.474
A1_vs_B,wdocd,"Walden, and On the Duty of Civil Disobedience",G2,Q04,2,D1,3.8685,0.0,3.8685
A1_vs_B,wdocd,"Walden, and On the Duty of Civil Disobedience",G2,Q05,2,D1,3.5524,0.0,3.5524
A1_vs_B,wdocd,"Walden, and On the Duty of Civil Disobedience",G2,Q06,3,D2,6.1958,10.8108,-4.615
A1_vs_B,wdocd,"Walden, and On the Duty of Civil Disobedience",G2,Q07,3,D2,0.0,0.0,0.0
A1_vs_B,wdocd,"Walden, and On the Duty of Civil Disobedience",G2,Q08,3,D2,1.7271,11.1111,-9.384
A1_vs_B,wdocd,"Walden, and On the Duty of Civil Disobedience",G2,Q09,4,D3,1.6051,0.0,1.6051
A1_vs_B,wdocd,"Walden, and On the Duty of Civil Disobedience",G2,Q10,4,D3,1.7637,4.1494,-2.3857
A1_vs_B,wdocd,"Walden, and On the Duty of Civil Disobedience",G2,Q11,5,D1,4.6512,0.0,4.6512
A1_vs_B,wdocd,"Walden, and On the Duty of Civil Disobedience",G2,Q12,5,D4,5.1546,0.0,5.1546
A1_vs_B,wdocd,"Walden, and On the Duty of Civil Disobedience",G2,Q13,5,D4,6.5934,6.25,0.3434
A1_vs_B,wdocd,"Walden, and On the Duty of Civil Disobedience",G2,Q14,5,D3,0.0,0.0,0.0
A1_vs_B,wdocd,"Walden, and On the Duty of Civil Disobedience",G2,Q15,5,D3,5.3476,0.0,5.3476
A2_vs_B,aobf,Autobiography of Benjamin Franklin,G2,Q01,1,D3,6.1728,14.1844,-8.0116
A2_vs_B,aobf,Autobiography of Benjamin Franklin,G2,Q02,1,D3,3.5971,7.6336,-4.0365
A2_vs_B,aobf,Autobiography of Benjamin Franklin,G2,Q03,1,D3,0.0,14.1844,-14.1844
A2_vs_B,aobf,Autobiography of Benjamin Franklin,G2,Q04,2,D1,9.6463,6.3291,3.3172
A2_vs_B,aobf,Autobiography of Benjamin Franklin,G2,Q05,2,D1,15.1976,6.8027,8.3948
A2_vs_B,aobf,Autobiography of Benjamin Franklin,G2,Q06,3,D2,6.8493,12.2699,-5.4206
A2_vs_B,aobf,Autobiography of Benjamin Franklin,G2,Q07,3,D2,7.2993,0.0,7.2993
A2_vs_B,aobf,Autobiography of Benjamin Franklin,G2,Q08,3,D2,9.5465,5.9172,3.6294
A2_vs_B,aobf,Autobiography of Benjamin Franklin,G2,Q09,4,D3,2.5381,5.1282,-2.5901
A2_vs_B,aobf,Autobiography of Benjamin Franklin,G2,Q10,4,D3,8.8496,9.009,-0.1595
A2_vs_B,aobf,Autobiography of Benjamin Franklin,G2,Q11,5,D1,12.7042,15.7068,-3.0026
A2_vs_B,aobf,Autobiography of Benjamin Franklin,G2,Q12,5,D4,30.888,6.993,23.895
A2_vs_B,aobf,Autobiography of Benjamin Franklin,G2,Q13,5,D4,11.8765,0.0,11.8765
A2_vs_B,aobf,Autobiography of Benjamin Franklin,G2,Q14,5,D3,4.717,0.0,4.717
A2_vs_B,aobf,Autobiography of Benjamin Franklin,G2,Q15,5,D3,14.433,16.3043,-1.8714
A2_vs_B,aow,Art of War,G3,Q01,1,D3,0.0,0.0,0.0
A2_vs_B,aow,Art of War,G3,Q02,1,D3,0.0,0.0,0.0
A2_vs_B,aow,Art of War,G3,Q03,1,D3,8.0645,5.988,2.0765
A2_vs_B,aow,Art of War,G3,Q04,2,D1,14.652,0.0,14.652
A2_vs_B,aow,Art of War,G3,Q05,2,D1,3.2154,6.5789,-3.3635
A2_vs_B,aow,Art of War,G3,Q06,3,D2,7.335,0.0,7.335
A2_vs_B,aow,Art of War,G3,Q07,3,D2,13.544,0.0,13.544
A2_vs_B,aow,Art of War,G3,Q08,3,D2,5.3476,0.0,5.3476
A2_vs_B,aow,Art of War,G3,Q09,4,D3,0.0,0.0,0.0
A2_vs_B,aow,Art of War,G3,Q10,4,D3,4.2463,9.3897,-5.1434
A2_vs_B,aow,Art of War,G3,Q11,5,D1,3.3613,3.876,-0.5146
A2_vs_B,aow,Art of War,G3,Q12,5,D4,15.7233,6.6667,9.0566
A2_vs_B,aow,Art of War,G3,Q13,5,D4,2.3256,0.0,2.3256
A2_vs_B,aow,Art of War,G3,Q14,5,D3,0.0,5.1813,-5.1813
A2_vs_B,aow,Art of War,G3,Q15,5,D3,18.9873,5.1813,13.806
A2_vs_B,coa,The Confessions of St. Augustine,G1,Q01,1,D3,6.3291,15.1515,-8.8224
A2_vs_B,coa,The Confessions of St. Augustine,G1,Q02,1,D3,7.2464,0.0,7.2464
A2_vs_B,coa,The Confessions of St. Augustine,G1,Q03,1,D3,4.4248,13.8889,-9.4641
A2_vs_B,coa,The Confessions of St. Augustine,G1,Q04,2,D1,27.1186,6.7568,20.3619
A2_vs_B,coa,The Confessions of St. Augustine,G1,Q05,2,D1,5.9701,5.4645,0.5057
A2_vs_B,coa,The Confessions of St. Augustine,G1,Q06,3,D2,14.8515,6.6667,8.1848
A2_vs_B,coa,The Confessions of St. Augustine,G1,Q07,3,D2,19.8511,6.4103,13.4409
A2_vs_B,coa,The Confessions of St. Augustine,G1,Q08,3,D2,15.625,7.4627,8.1623
A2_vs_B,coa,The Confessions of St. Augustine,G1,Q09,4,D3,4.4053,5.814,-1.4087
A2_vs_B,coa,The Confessions of St. Augustine,G1,Q10,4,D3,10.5263,5.2356,5.2907
A2_vs_B,coa,The Confessions of St. Augustine,G1,Q11,5,D1,27.0758,11.9048,15.1711
A2_vs_B,coa,The Confessions of St. Augustine,G1,Q12,5,D4,11.4613,0.0,11.4613
A2_vs_B,coa,The Confessions of St. Augustine,G1,Q13,5,D4,15.625,12.4224,3.2026
A2_vs_B,coa,The Confessions of St. Augustine,G1,Q14,5,D3,2.457,0.0,2.457
A2_vs_B,coa,The Confessions of St. Augustine,G1,Q15,5,D3,10.8225,10.8108,0.0117
A2_vs_B,jsm,Autobiography of John Stuart Mill,G1,Q01,1,D3,10.0334,7.1942,2.8392
A2_vs_B,jsm,Autobiography of John Stuart Mill,G1,Q02,1,D3,9.9338,0.0,9.9338
A2_vs_B,jsm,Autobiography of John Stuart Mill,G1,Q03,1,D3,0.0,0.0,0.0
A2_vs_B,jsm,Autobiography of John Stuart Mill,G1,Q04,2,D1,16.2162,6.7568,9.4595
A2_vs_B,jsm,Autobiography of John Stuart Mill,G1,Q05,2,D1,18.0879,7.0922,10.9957
A2_vs_B,jsm,Autobiography of John Stuart Mill,G1,Q06,3,D2,24.4989,0.0,24.4989
A2_vs_B,jsm,Autobiography of John Stuart Mill,G1,Q07,3,D2,10.4712,8.547,1.9242
A2_vs_B,jsm,Autobiography of John Stuart Mill,G1,Q08,3,D2,4.3668,15.3846,-11.0178
A2_vs_B,jsm,Autobiography of John Stuart Mill,G1,Q09,4,D3,2.2883,0.0,2.2883
A2_vs_B,jsm,Autobiography of John Stuart Mill,G1,Q10,4,D3,4.1068,13.4228,-9.316
A2_vs_B,jsm,Autobiography of John Stuart Mill,G1,Q11,5,D1,19.8556,6.4516,13.404
A2_vs_B,jsm,Autobiography of John Stuart Mill,G1,Q12,5,D4,14.5631,16.9492,-2.386
A2_vs_B,jsm,Autobiography of John Stuart Mill,G1,Q13,5,D4,11.5207,7.5758,3.945
A2_vs_B,jsm,Autobiography of John Stuart Mill,G1,Q14,5,D3,2.0325,0.0,2.0325
A2_vs_B,jsm,Autobiography of John Stuart Mill,G1,Q15,5,D3,10.2459,6.6225,3.6234
A2_vs_B,lofd,Narrative of the Life of Frederick Douglass,G2,Q01,1,D3,8.4746,6.5359,1.9386
A2_vs_B,lofd,Narrative of the Life of Frederick Douglass,G2,Q02,1,D3,4.1667,0.0,4.1667
A2_vs_B,lofd,Narrative of the Life of Frederick Douglass,G2,Q03,1,D3,4.065,0.0,4.065
A2_vs_B,lofd,Narrative of the Life of Frederick Douglass,G2,Q04,2,D1,26.0586,18.9873,7.0713
A2_vs_B,lofd,Narrative of the Life of Frederick Douglass,G2,Q05,2,D1,15.3374,0.0,15.3374
A2_vs_B,lofd,Narrative of the Life of Frederick Douglass,G2,Q06,3,D2,18.9125,5.848,13.0646
A2_vs_B,lofd,Narrative of the Life of Frederick Douglass,G2,Q07,3,D2,17.4129,6.7568,10.6562
A2_vs_B,lofd,Narrative of the Life of Frederick Douglass,G2,Q08,3,D2,9.5465,11.5607,-2.0142
A2_vs_B,lofd,Narrative of the Life of Frederick Douglass,G2,Q09,4,D3,6.7873,0.0,6.7873
A2_vs_B,lofd,Narrative of the Life of Frederick Douglass,G2,Q10,4,D3,7.533,0.0,7.533
A2_vs_B,lofd,Narrative of the Life of Frederick Douglass,G2,Q11,5,D1,19.802,5.5249,14.2771
A2_vs_B,lofd,Narrative of the Life of Frederick Douglass,G2,Q12,5,D4,13.6986,6.8027,6.8959
A2_vs_B,lofd,Narrative of the Life of Frederick Douglass,G2,Q13,5,D4,10.2828,0.0,10.2828
A2_vs_B,lofd,Narrative of the Life of Frederick Douglass,G2,Q14,5,D3,2.4691,5.814,-3.3448
A2_vs_B,lofd,Narrative of the Life of Frederick Douglass,G2,Q15,5,D3,9.1743,0.0,9.1743
A2_vs_B,med,Meditations,G1,Q01,1,D3,16.2602,7.6336,8.6266
A2_vs_B,med,Meditations,G1,Q02,1,D3,9.375,0.0,9.375
A2_vs_B,med,Meditations,G1,Q03,1,D3,14.5455,7.2993,7.2462
A2_vs_B,med,Meditations,G1,Q04,2,D1,26.3158,0.0,26.3158
A2_vs_B,med,Meditations,G1,Q05,2,D1,11.3636,13.245,-1.8814
A2_vs_B,med,Meditations,G1,Q06,3,D2,19.1388,13.986,5.1527
A2_vs_B,med,Meditations,G1,Q07,3,D2,13.0152,11.6279,1.3873
A2_vs_B,med,Meditations,G1,Q08,3,D2,6.4935,5.618,0.8755
A2_vs_B,med,Meditations,G1,Q09,4,D3,4.3764,0.0,4.3764
A2_vs_B,med,Meditations,G1,Q10,4,D3,10.3093,0.0,10.3093
A2_vs_B,med,Meditations,G1,Q11,5,D1,15.7171,18.2648,-2.5477
A2_vs_B,med,Meditations,G1,Q12,5,D4,14.218,5.848,8.3701
A2_vs_B,med,Meditations,G1,Q13,5,D4,19.9501,23.6686,-3.7185
A2_vs_B,med,Meditations,G1,Q14,5,D3,7.5188,10.3093,-2.7905
A2_vs_B,med,Meditations,G1,Q15,5,D3,27.4841,26.738,0.7462
A2_vs_B,nw,Nathan the Wise,G3,Q01,1,D3,0.0,7.4627,-7.4627
A2_vs_B,nw,Nathan the Wise,G3,Q02,1,D3,0.0,7.8125,-7.8125
A2_vs_B,nw,Nathan the Wise,G3,Q03,1,D3,4.4843,0.0,4.4843
A2_vs_B,nw,Nathan the Wise,G3,Q04,2,D1,9.8684,0.0,9.8684
A2_vs_B,nw,Nathan the Wise,G3,Q05,2,D1,6.2305,0.0,6.2305
A2_vs_B,nw,Nathan the Wise,G3,Q06,3,D2,6.1728,0.0,6.1728
A2_vs_B,nw,Nathan the Wise,G3,Q07,3,D2,7.5,0.0,7.5
A2_vs_B,nw,Nathan the Wise,G3,Q08,3,D2,4.5662,0.0,4.5662
A2_vs_B,nw,Nathan the Wise,G3,Q09,4,D3,7.4442,0.0,7.4442
A2_vs_B,nw,Nathan the Wise,G3,Q10,4,D3,2.1413,0.0,2.1413
A2_vs_B,nw,Nathan the Wise,G3,Q11,5,D1,12.6316,6.6667,5.9649
A2_vs_B,nw,Nathan the Wise,G3,Q12,5,D4,7.2816,6.4516,0.8299
A2_vs_B,nw,Nathan the Wise,G3,Q13,5,D4,7.2639,0.0,7.2639
A2_vs_B,nw,Nathan the Wise,G3,Q14,5,D3,0.0,0.0,0.0
A2_vs_B,nw,Nathan the Wise,G3,Q15,5,D3,8.8692,0.0,8.8692
A2_vs_B,sbf,The Souls of Black Folk,G2,Q01,1,D3,0.0,6.9444,-6.9444
A2_vs_B,sbf,The Souls of Black Folk,G2,Q02,1,D3,0.0,0.0,0.0
A2_vs_B,sbf,The Souls of Black Folk,G2,Q03,1,D3,0.0,0.0,0.0
A2_vs_B,sbf,The Souls of Black Folk,G2,Q04,2,D1,6.8493,0.0,6.8493
A2_vs_B,sbf,The Souls of Black Folk,G2,Q05,2,D1,9.0361,0.0,9.0361
A2_vs_B,sbf,The Souls of Black Folk,G2,Q06,3,D2,13.6986,5.4054,8.2932
A2_vs_B,sbf,The Souls of Black Folk,G2,Q07,3,D2,4.9875,0.0,4.9875
A2_vs_B,sbf,The Souls of Black Folk,G2,Q08,3,D2,2.3095,5.6818,-3.3723
A2_vs_B,sbf,The Souls of Black Folk,G2,Q09,4,D3,2.4876,5.7143,-3.2267
A2_vs_B,sbf,The Souls of Black Folk,G2,Q10,4,D3,1.9841,0.0,1.9841
A2_vs_B,sbf,The Souls of Black Folk,G2,Q11,5,D1,14.5228,5.3763,9.1465
A2_vs_B,sbf,The Souls of Black Folk,G2,Q12,5,D4,17.9104,6.7114,11.199
A2_vs_B,sbf,The Souls of Black Folk,G2,Q13,5,D4,5.4496,6.135,-0.6854
A2_vs_B,sbf,The Souls of Black Folk,G2,Q14,5,D3,0.0,0.0,0.0
A2_vs_B,sbf,The Souls of Black Folk,G2,Q15,5,D3,4.2827,5.3763,-1.0937
A2_vs_B,vre,The Varieties of Religious Experience,G1,Q01,1,D3,0.0,0.0,0.0
A2_vs_B,vre,The Varieties of Religious Experience,G1,Q02,1,D3,0.0,0.0,0.0
A2_vs_B,vre,The Varieties of Religious Experience,G1,Q03,1,D3,0.0,0.0,0.0
A2_vs_B,vre,The Varieties of Religious Experience,G1,Q04,2,D1,11.9403,0.0,11.9403
A2_vs_B,vre,The Varieties of Religious Experience,G1,Q05,2,D1,3.003,0.0,3.003
A2_vs_B,vre,The Varieties of Religious Experience,G1,Q06,3,D2,23.9234,6.3291,17.5943
A2_vs_B,vre,The Varieties of Religious Experience,G1,Q07,3,D2,19.2771,5.2632,14.014
A2_vs_B,vre,The Varieties of Religious Experience,G1,Q08,3,D2,2.1645,5.814,-3.6495
A2_vs_B,vre,The Varieties of Religious Experience,G1,Q09,4,D3,2.3419,0.0,2.3419
A2_vs_B,vre,The Varieties of Religious Experience,G1,Q10,4,D3,0.0,0.0,0.0
A2_vs_B,vre,The Varieties of Religious Experience,G1,Q11,5,D1,21.0526,11.4286,9.6241
A2_vs_B,vre,The Varieties of Religious Experience,G1,Q12,5,D4,9.1743,0.0,9.1743
A2_vs_B,vre,The Varieties of Religious Experience,G1,Q13,5,D4,7.5567,6.2112,1.3455
A2_vs_B,vre,The Varieties of Religious Experience,G1,Q14,5,D3,0.0,5.0,-5.0
A2_vs_B,vre,The Varieties of Religious Experience,G1,Q15,5,D3,4.415,9.8039,-5.3889
A2_vs_B,wdocd,"Walden, and On the Duty of Civil Disobedience",G2,Q01,1,D3,0.0,0.0,0.0
A2_vs_B,wdocd,"Walden, and On the Duty of Civil Disobedience",G2,Q02,1,D3,5.7803,0.0,5.7803
A2_vs_B,wdocd,"Walden, and On the Duty of Civil Disobedience",G2,Q03,1,D3,4.7393,5.4348,-0.6954
A2_vs_B,wdocd,"Walden, and On the Duty of Civil Disobedience",G2,Q04,2,D1,8.5837,0.0,8.5837
A2_vs_B,wdocd,"Walden, and On the Duty of Civil Disobedience",G2,Q05,2,D1,6.7568,0.0,6.7568
A2_vs_B,wdocd,"Walden, and On the Duty of Civil Disobedience",G2,Q06,3,D2,5.2356,10.8108,-5.5752
A2_vs_B,wdocd,"Walden, and On the Duty of Civil Disobedience",G2,Q07,3,D2,12.5,0.0,12.5
A2_vs_B,wdocd,"Walden, and On the Duty of Civil Disobedience",G2,Q08,3,D2,4.2553,11.1111,-6.8558
A2_vs_B,wdocd,"Walden, and On the Duty of Civil Disobedience",G2,Q09,4,D3,2.3364,0.0,2.3364
A2_vs_B,wdocd,"Walden, and On the Duty of Civil Disobedience",G2,Q10,4,D3,4.1068,4.1494,-0.0426
A2_vs_B,wdocd,"Walden, and On the Duty of Civil Disobedience",G2,Q11,5,D1,5.3381,0.0,5.3381
A2_vs_B,wdocd,"Walden, and On the Duty of Civil Disobedience",G2,Q12,5,D4,4.3956,0.0,4.3956
A2_vs_B,wdocd,"Walden, and On the Duty of Civil Disobedience",G2,Q13,5,D4,13.5747,6.25,7.3247
A2_vs_B,wdocd,"Walden, and On the Duty of Civil Disobedience",G2,Q14,5,D3,0.0,0.0,0.0
A2_vs_B,wdocd,"Walden, and On the Duty of Civil Disobedience",G2,Q15,5,D3,14.7679,0.0,14.7679
A1_vs_A2,aobf,Autobiography of Benjamin Franklin,G2,Q01,1,D3,0.0,6.1728,-6.1728
A1_vs_A2,aobf,Autobiography of Benjamin Franklin,G2,Q02,1,D3,8.1967,3.5971,4.5996
A1_vs_A2,aobf,Autobiography of Benjamin Franklin,G2,Q03,1,D3,3.3113,0.0,3.3113
A1_vs_A2,aobf,Autobiography of Benjamin Franklin,G2,Q04,2,D1,2.4691,9.6463,-7.1772
A1_vs_A2,aobf,Autobiography of Benjamin Franklin,G2,Q05,2,D1,8.7719,15.1976,-6.4256
A1_vs_A2,aobf,Autobiography of Benjamin Franklin,G2,Q06,3,D2,10.4348,6.8493,3.5855
A1_vs_A2,aobf,Autobiography of Benjamin Franklin,G2,Q07,3,D2,4.1322,7.2993,-3.167
A1_vs_A2,aobf,Autobiography of Benjamin Franklin,G2,Q08,3,D2,0.0,9.5465,-9.5465
A1_vs_A2,aobf,Autobiography of Benjamin Franklin,G2,Q09,4,D3,0.0,2.5381,-2.5381
A1_vs_A2,aobf,Autobiography of Benjamin Franklin,G2,Q10,4,D3,0.0,8.8496,-8.8496
A1_vs_A2,aobf,Autobiography of Benjamin Franklin,G2,Q11,5,D1,2.9806,12.7042,-9.7235
A1_vs_A2,aobf,Autobiography of Benjamin Franklin,G2,Q12,5,D4,9.2593,30.888,-21.6288
A1_vs_A2,aobf,Autobiography of Benjamin Franklin,G2,Q13,5,D4,10.4167,11.8765,-1.4598
A1_vs_A2,aobf,Autobiography of Benjamin Franklin,G2,Q14,5,D3,0.0,4.717,-4.717
A1_vs_A2,aobf,Autobiography of Benjamin Franklin,G2,Q15,5,D3,12.766,14.433,-1.667
A1_vs_A2,aow,Art of War,G3,Q01,1,D3,0.0,0.0,0.0
A1_vs_A2,aow,Art of War,G3,Q02,1,D3,0.0,0.0,0.0
A1_vs_A2,aow,Art of War,G3,Q03,1,D3,3.2573,8.0645,-4.8072
A1_vs_A2,aow,Art of War,G3,Q04,2,D1,9.1241,14.652,-5.5279
A1_vs_A2,aow,Art of War,G3,Q05,2,D1,2.1322,3.2154,-1.0832
A1_vs_A2,aow,Art of War,G3,Q06,3,D2,5.6926,7.335,-1.6424
A1_vs_A2,aow,Art of War,G3,Q07,3,D2,1.8797,13.544,-11.6643
A1_vs_A2,aow,Art of War,G3,Q08,3,D2,5.5453,5.3476,0.1977
A1_vs_A2,aow,Art of War,G3,Q09,4,D3,0.0,0.0,0.0
A1_vs_A2,aow,Art of War,G3,Q10,4,D3,3.643,4.2463,-0.6033
A1_vs_A2,aow,Art of War,G3,Q11,5,D1,5.168,3.3613,1.8066
A1_vs_A2,aow,Art of War,G3,Q12,5,D4,2.681,15.7233,-13.0423
A1_vs_A2,aow,Art of War,G3,Q13,5,D4,9.3897,2.3256,7.0641
A1_vs_A2,aow,Art of War,G3,Q14,5,D3,5.4496,0.0,5.4496
A1_vs_A2,aow,Art of War,G3,Q15,5,D3,8.4746,18.9873,-10.5128
A1_vs_A2,coa,The Confessions of St. Augustine,G1,Q01,1,D3,4.7619,6.3291,-1.5672
A1_vs_A2,coa,The Confessions of St. Augustine,G1,Q02,1,D3,2.7473,7.2464,-4.4991
A1_vs_A2,coa,The Confessions of St. Augustine,G1,Q03,1,D3,6.9444,4.4248,2.5197
A1_vs_A2,coa,The Confessions of St. Augustine,G1,Q04,2,D1,6.3025,27.1186,-20.8161
A1_vs_A2,coa,The Confessions of St. Augustine,G1,Q05,2,D1,5.2724,5.9701,-0.6977
A1_vs_A2,coa,The Confessions of St. Augustine,G1,Q06,3,D2,7.3421,14.8515,-7.5093
A1_vs_A2,coa,The Confessions of St. Augustine,G1,Q07,3,D2,4.7544,19.8511,-15.0968
A1_vs_A2,coa,The Confessions of St. Augustine,G1,Q08,3,D2,8.8183,15.625,-6.8067
A1_vs_A2,coa,The Confessions of St. Augustine,G1,Q09,4,D3,1.4535,4.4053,-2.9518
A1_vs_A2,coa,The Confessions of St. Augustine,G1,Q10,4,D3,10.9489,10.5263,0.4226
A1_vs_A2,coa,The Confessions of St. Augustine,G1,Q11,5,D1,2.7285,27.0758,-24.3473
A1_vs_A2,coa,The Confessions of St. Augustine,G1,Q12,5,D4,0.0,11.4613,-11.4613
A1_vs_A2,coa,The Confessions of St. Augustine,G1,Q13,5,D4,4.4053,15.625,-11.2197
A1_vs_A2,coa,The Confessions of St. Augustine,G1,Q14,5,D3,2.0492,2.457,-0.4078
A1_vs_A2,coa,The Confessions of St. Augustine,G1,Q15,5,D3,7.1942,10.8225,-3.6283
A1_vs_A2,jsm,Autobiography of John Stuart Mill,G1,Q01,1,D3,4.7733,10.0334,-5.2602
A1_vs_A2,jsm,Autobiography of John Stuart Mill,G1,Q02,1,D3,4.5662,9.9338,-5.3676
A1_vs_A2,jsm,Autobiography of John Stuart Mill,G1,Q03,1,D3,5.6022,0.0,5.6022
A1_vs_A2,jsm,Autobiography of John Stuart Mill,G1,Q04,2,D1,10.5263,16.2162,-5.6899
A1_vs_A2,jsm,Autobiography of John Stuart Mill,G1,Q05,2,D1,10.582,18.0879,-7.5058
A1_vs_A2,jsm,Autobiography of John Stuart Mill,G1,Q06,3,D2,11.6959,24.4989,-12.803
A1_vs_A2,jsm,Autobiography of John Stuart Mill,G1,Q07,3,D2,0.0,10.4712,-10.4712
A1_vs_A2,jsm,Autobiography of John Stuart Mill,G1,Q08,3,D2,4.8077,4.3668,0.4409
A1_vs_A2,jsm,Autobiography of John Stuart Mill,G1,Q09,4,D3,3.3113,2.2883,1.0229
A1_vs_A2,jsm,Autobiography of John Stuart Mill,G1,Q10,4,D3,9.1575,4.1068,5.0507
A1_vs_A2,jsm,Autobiography of John Stuart Mill,G1,Q11,5,D1,8.2508,19.8556,-11.6048
A1_vs_A2,jsm,Autobiography of John Stuart Mill,G1,Q12,5,D4,11.4943,14.5631,-3.0689
A1_vs_A2,jsm,Autobiography of John Stuart Mill,G1,Q13,5,D4,10.142,11.5207,-1.3787
A1_vs_A2,jsm,Autobiography of John Stuart Mill,G1,Q14,5,D3,0.0,2.0325,-2.0325
A1_vs_A2,jsm,Autobiography of John Stuart Mill,G1,Q15,5,D3,14.6819,10.2459,4.436
A1_vs_A2,lofd,Narrative of the Life of Frederick Douglass,G2,Q01,1,D3,2.849,8.4746,-5.6256
A1_vs_A2,lofd,Narrative of the Life of Frederick Douglass,G2,Q02,1,D3,0.0,4.1667,-4.1667
A1_vs_A2,lofd,Narrative of the Life of Frederick Douglass,G2,Q03,1,D3,0.0,4.065,-4.065
A1_vs_A2,lofd,Narrative of the Life of Frederick Douglass,G2,Q04,2,D1,19.1083,26.0586,-6.9504
A1_vs_A2,lofd,Narrative of the Life of Frederick Douglass,G2,Q05,2,D1,9.2251,15.3374,-6.1123
A1_vs_A2,lofd,Narrative of the Life of Frederick Douglass,G2,Q06,3,D2,13.7615,18.9125,-5.1511
A1_vs_A2,lofd,Narrative of the Life of Frederick Douglass,G2,Q07,3,D2,2.2472,17.4129,-15.1657
A1_vs_A2,lofd,Narrative of the Life of Frederick Douglass,G2,Q08,3,D2,5.7582,9.5465,-3.7884
A1_vs_A2,lofd,Narrative of the Life of Frederick Douglass,G2,Q09,4,D3,3.4843,6.7873,-3.303
A1_vs_A2,lofd,Narrative of the Life of Frederick Douglass,G2,Q10,4,D3,1.7889,7.533,-5.744
A1_vs_A2,lofd,Narrative of the Life of Frederick Douglass,G2,Q11,5,D1,8.2372,19.802,-11.5647
A1_vs_A2,lofd,Narrative of the Life of Frederick Douglass,G2,Q12,5,D4,0.0,13.6986,-13.6986
A1_vs_A2,lofd,Narrative of the Life of Frederick Douglass,G2,Q13,5,D4,6.3425,10.2828,-3.9403
A1_vs_A2,lofd,Narrative of the Life of Frederick Douglass,G2,Q14,5,D3,2.5707,2.4691,0.1016
A1_vs_A2,lofd,Narrative of the Life of Frederick Douglass,G2,Q15,5,D3,13.3333,9.1743,4.159
A1_vs_A2,med,Meditations,G1,Q01,1,D3,4.4346,16.2602,-11.8256
A1_vs_A2,med,Meditations,G1,Q02,1,D3,5.8824,9.375,-3.4926
A1_vs_A2,med,Meditations,G1,Q03,1,D3,0.0,14.5455,-14.5455
A1_vs_A2,med,Meditations,G1,Q04,2,D1,10.7527,26.3158,-15.5631
A1_vs_A2,med,Meditations,G1,Q05,2,D1,8.4567,11.3636,-2.907
A1_vs_A2,med,Meditations,G1,Q06,3,D2,5.9172,19.1388,-13.2216
A1_vs_A2,med,Meditations,G1,Q07,3,D2,1.8762,13.0152,-11.139
A1_vs_A2,med,Meditations,G1,Q08,3,D2,8.1855,6.4935,1.692
A1_vs_A2,med,Meditations,G1,Q09,4,D3,0.0,4.3764,-4.3764
A1_vs_A2,med,Meditations,G1,Q10,4,D3,1.6447,10.3093,-8.6645
A1_vs_A2,med,Meditations,G1,Q11,5,D1,2.1622,15.7171,-13.5549
A1_vs_A2,med,Meditations,G1,Q12,5,D4,0.0,14.218,-14.218
A1_vs_A2,med,Meditations,G1,Q13,5,D4,18.6047,19.9501,-1.3455
A1_vs_A2,med,Meditations,G1,Q14,5,D3,0.0,7.5188,-7.5188
A1_vs_A2,med,Meditations,G1,Q15,5,D3,18.3299,27.4841,-9.1542
A1_vs_A2,nw,Nathan the Wise,G3,Q01,1,D3,2.2472,0.0,2.2472
A1_vs_A2,nw,Nathan the Wise,G3,Q02,1,D3,0.0,0.0,0.0
A1_vs_A2,nw,Nathan the Wise,G3,Q03,1,D3,0.0,4.4843,-4.4843
A1_vs_A2,nw,Nathan the Wise,G3,Q04,2,D1,7.0922,9.8684,-2.7762
A1_vs_A2,nw,Nathan the Wise,G3,Q05,2,D1,7.7821,6.2305,1.5516
A1_vs_A2,nw,Nathan the Wise,G3,Q06,3,D2,6.7568,6.1728,0.5839
A1_vs_A2,nw,Nathan the Wise,G3,Q07,3,D2,1.6949,7.5,-5.8051
A1_vs_A2,nw,Nathan the Wise,G3,Q08,3,D2,0.0,4.5662,-4.5662
A1_vs_A2,nw,Nathan the Wise,G3,Q09,4,D3,3.6101,7.4442,-3.8341
A1_vs_A2,nw,Nathan the Wise,G3,Q10,4,D3,0.0,2.1413,-2.1413
A1_vs_A2,nw,Nathan the Wise,G3,Q11,5,D1,1.5949,12.6316,-11.0367
A1_vs_A2,nw,Nathan the Wise,G3,Q12,5,D4,2.6882,7.2816,-4.5934
A1_vs_A2,nw,Nathan the Wise,G3,Q13,5,D4,2.3753,7.2639,-4.8886
A1_vs_A2,nw,Nathan the Wise,G3,Q14,5,D3,0.0,0.0,0.0
A1_vs_A2,nw,Nathan the Wise,G3,Q15,5,D3,6.7416,8.8692,-2.1276
A1_vs_A2,sbf,The Souls of Black Folk,G2,Q01,1,D3,2.0161,0.0,2.0161
A1_vs_A2,sbf,The Souls of Black Folk,G2,Q02,1,D3,0.0,0.0,0.0
A1_vs_A2,sbf,The Souls of Black Folk,G2,Q03,1,D3,1.938,0.0,1.938
A1_vs_A2,sbf,The Souls of Black Folk,G2,Q04,2,D1,3.861,6.8493,-2.9883
A1_vs_A2,sbf,The Souls of Black Folk,G2,Q05,2,D1,1.634,9.0361,-7.4022
A1_vs_A2,sbf,The Souls of Black Folk,G2,Q06,3,D2,2.7586,13.6986,-10.94
A1_vs_A2,sbf,The Souls of Black Folk,G2,Q07,3,D2,0.0,4.9875,-4.9875
A1_vs_A2,sbf,The Souls of Black Folk,G2,Q08,3,D2,0.0,2.3095,-2.3095
A1_vs_A2,sbf,The Souls of Black Folk,G2,Q09,4,D3,2.5063,2.4876,0.0187
A1_vs_A2,sbf,The Souls of Black Folk,G2,Q10,4,D3,9.245,1.9841,7.2609
A1_vs_A2,sbf,The Souls of Black Folk,G2,Q11,5,D1,7.2359,14.5228,-7.2869
A1_vs_A2,sbf,The Souls of Black Folk,G2,Q12,5,D4,6.7265,17.9104,-11.184
A1_vs_A2,sbf,The Souls of Black Folk,G2,Q13,5,D4,4.0733,5.4496,-1.3763
A1_vs_A2,sbf,The Souls of Black Folk,G2,Q14,5,D3,0.0,0.0,0.0
A1_vs_A2,sbf,The Souls of Black Folk,G2,Q15,5,D3,3.3333,4.2827,-0.9493
A1_vs_A2,vre,The Varieties of Religious Experience,G1,Q01,1,D3,1.7825,0.0,1.7825
A1_vs_A2,vre,The Varieties of Religious Experience,G1,Q02,1,D3,1.9305,0.0,1.9305
A1_vs_A2,vre,The Varieties of Religious Experience,G1,Q03,1,D3,0.0,0.0,0.0
A1_vs_A2,vre,The Varieties of Religious Experience,G1,Q04,2,D1,0.0,11.9403,-11.9403
A1_vs_A2,vre,The Varieties of Religious Experience,G1,Q05,2,D1,3.1104,3.003,0.1074
A1_vs_A2,vre,The Varieties of Religious Experience,G1,Q06,3,D2,12.987,23.9234,-10.9364
A1_vs_A2,vre,The Varieties of Religious Experience,G1,Q07,3,D2,3.9841,19.2771,-15.293
A1_vs_A2,vre,The Varieties of Religious Experience,G1,Q08,3,D2,3.2733,2.1645,1.1088
A1_vs_A2,vre,The Varieties of Religious Experience,G1,Q09,4,D3,4.7923,2.3419,2.4504
A1_vs_A2,vre,The Varieties of Religious Experience,G1,Q10,4,D3,4.7468,0.0,4.7468
A1_vs_A2,vre,The Varieties of Religious Experience,G1,Q11,5,D1,6.6313,21.0526,-14.4213
A1_vs_A2,vre,The Varieties of Religious Experience,G1,Q12,5,D4,7.9576,9.1743,-1.2168
A1_vs_A2,vre,The Varieties of Religious Experience,G1,Q13,5,D4,7.5901,7.5567,0.0335
A1_vs_A2,vre,The Varieties of Religious Experience,G1,Q14,5,D3,2.5445,0.0,2.5445
A1_vs_A2,vre,The Varieties of Religious Experience,G1,Q15,5,D3,14.3443,4.415,9.9293
A1_vs_A2,wdocd,"Walden, and On the Duty of Civil Disobedience",G2,Q01,1,D3,0.0,0.0,0.0
A1_vs_A2,wdocd,"Walden, and On the Duty of Civil Disobedience",G2,Q02,1,D3,0.0,5.7803,-5.7803
A1_vs_A2,wdocd,"Walden, and On the Duty of Civil Disobedience",G2,Q03,1,D3,1.9608,4.7393,-2.7786
A1_vs_A2,wdocd,"Walden, and On the Duty of Civil Disobedience",G2,Q04,2,D1,3.8685,8.5837,-4.7152
A1_vs_A2,wdocd,"Walden, and On the Duty of Civil Disobedience",G2,Q05,2,D1,3.5524,6.7568,-3.2044
A1_vs_A2,wdocd,"Walden, and On the Duty of Civil Disobedience",G2,Q06,3,D2,6.1958,5.2356,0.9602
A1_vs_A2,wdocd,"Walden, and On the Duty of Civil Disobedience",G2,Q07,3,D2,0.0,12.5,-12.5
A1_vs_A2,wdocd,"Walden, and On the Duty of Civil Disobedience",G2,Q08,3,D2,1.7271,4.2553,-2.5282
A1_vs_A2,wdocd,"Walden, and On the Duty of Civil Disobedience",G2,Q09,4,D3,1.6051,2.3364,-0.7313
A1_vs_A2,wdocd,"Walden, and On the Duty of Civil Disobedience",G2,Q10,4,D3,1.7637,4.1068,-2.3431
A1_vs_A2,wdocd,"Walden, and On the Duty of Civil Disobedience",G2,Q11,5,D1,4.6512,5.3381,-0.6869
A1_vs_A2,wdocd,"Walden, and On the Duty of Civil Disobedience",G2,Q12,5,D4,5.1546,4.3956,0.759
A1_vs_A2,wdocd,"Walden, and On the Duty of Civil Disobedience",G2,Q13,5,D4,6.5934,13.5747,-6.9813
A1_vs_A2,wdocd,"Walden, and On the Duty of Civil Disobedience",G2,Q14,5,D3,0.0,0.0,0.0
A1_vs_A2,wdocd,"Walden, and On the Duty of Civil Disobedience",G2,Q15,5,D3,5.3476,14.7679,-9.4203
